Run,Iteration,dim-0,dim-1,dim-2,dim-3,dim-4,dim-5,dim-6,dim-7,dim-8,dim-9,dim-10,dim-11,dim-12,dim-13,dim-14,dim-15,dim-16,dim-17,dim-18,dim-19,dim-20,dim-21,dim-22,dim-23,dim-24,dim-25,dim-26,dim-27,dim-28,dim-29,dim-30,dim-31,dim-32,dim-33,dim-34,dim-35,dim-36,dim-37,dim-38,dim-39,dim-40,dim-41,dim-42,dim-43,dim-44,dim-45,dim-46,dim-47,dim-48,dim-49,dim-50,dim-51,dim-52,dim-53,dim-54,dim-55,dim-56,dim-57,dim-58,dim-59,dim-60,dim-61,dim-62,dim-63,dim-64,dim-65,dim-66,dim-67,dim-68,dim-69,dim-70,dim-71,dim-72,dim-73,dim-74,dim-75,dim-76,dim-77,dim-78,dim-79,dim-80,dim-81,dim-82,dim-83,dim-84,dim-85,dim-86,dim-87,dim-88,dim-89,dim-90,dim-91,dim-92,dim-93,dim-94,dim-95,dim-96,dim-97,dim-98,dim-99,dim-100,dim-101,dim-102,dim-103,dim-104,dim-105,dim-106,dim-107,dim-108,dim-109,dim-110,dim-111,dim-112,dim-113,dim-114,dim-115,dim-116,dim-117,dim-118,dim-119,dim-120,dim-121,dim-122,dim-123,dim-124,dim-125,dim-126,dim-127,dim-128,dim-129,dim-130,dim-131,dim-132,dim-133,dim-134,dim-135,dim-136,dim-137,dim-138,dim-139,dim-140,dim-141,dim-142,dim-143
0,0,1437.4183452536647,1433.4737699738646,1421.7585904934854,1435.203345166387,1432.5814653901448,1432.8729145569334,1438.0079485866188,1432.685711583176,1378.3278818460044,1379.7632252325202,1374.7494375221515,1377.4473457087613,1380.053236768877,1375.5413118967324,1341.349283630455,1337.5317158040077,1341.8951680485063,1335.884794711659,1331.4915386561356,1337.9604145283754,1326.0700641954095,1337.393576715443,1332.9116482830398,1327.1840061637552,1324.628225604832,1329.4921144554764,1341.1275410708402,1337.72929505605,1337.7807065509646,1333.3224816729157,1416.3149358722726,1407.3466445078082,1423.7192669405845,1311.93710333395,1414.5744824946212,1313.3801115281663,1311.6550357042524,1312.132009474395,1312.1892332784907,1409.140626333129,1393.6392239652255,1407.1634912830566,1397.3465647422577,1399.860152822826,1474.2855842159483,1539.0409484255522,1575.1714559415295,1561.2398346319271,1521.796107849811,1465.65294447351,1332.6139057942337,1473.5894099705363,1518.4445451822771,1435.8519591924687,1334.5834176943429,1324.8694808492646,1439.7871466762465,1430.4897694370918,1441.65998907994,1433.5561663438634,1427.772900554496,1433.0722676692117,1440.0604345249653,1437.7731806069082,1374.2097329978671,1371.2140866025268,1382.8978634713815,1378.0857995698314,1384.4608483919214,1380.0566110014656,1334.5810562308395,1340.4892290103119,1340.4835807020388,1341.673209970471,1331.1187687343593,1323.0503578253242,1329.9592034792827,1331.7998303144432,1334.202879366459,1325.653076064342,1327.0749051430735,1334.1766879916072,1340.5997267195007,1347.0616521837728,1342.7730191887767,1337.7513232042825,1420.129292540737,1412.9072691208485,1425.9727344785028,1313.93248501726,1416.4434465955376,1315.7820948846709,1312.8806750336043,1313.4885505229613,1310.7298405015902,1410.5950600088754,1401.351320917622,1404.8548108474943,1396.1970210454338,1399.3165363463702,1472.756410587958,1533.4731740862242,1569.1066489327743,1551.2191695939346,1514.0002252568486,1471.1937180146695,1329.308188805287,1472.6611782315415,1533.1883959611673,1440.1303265123365,1341.6764749033266,1322.0863445605512,1434.8544557238613,1438.673536336829,1440.2278921097736,1436.158347864697,1442.3241964826584,1433.8261435607096,1439.3189776136085,1435.7433479694478,1375.696086544801,1376.5762928787399,1378.2773258862676,1374.626490205962,1379.4971881283932,1374.8998875008406,1337.4155493560404,1331.2869990291574,1339.2543732598206,1347.6307681452872,1334.9582170130586,1327.4290491206368,1330.4196566413796,1337.7399963922978,1330.5937042190253,1326.4744136636853,1329.5755397952778,1320.6600589292457,1346.0944925174522,1333.9101928422265,1344.9128150299573,1347.6442271564233,1410.0290301295008,1408.3027193558235
0,1,1395.9447515276972,1394.9577061442415,1394.1408549021085,1387.8434892163993,1390.3182182910846,1399.6306118837456,1398.47638691097,1395.5168876256396,1383.3754610306887,1395.9731849162788,1385.912790943729,1377.0869395450222,1388.6962616512496,1384.7359729024263,1378.6282765090746,1384.6568678865906,1380.6943327722797,1376.6784327711582,1380.487238589127,1380.7734953886763,1370.9744148908426,1382.3695070167848,1384.2417089327455,1377.7209268927961,1378.5644743636308,1377.6719768522687,1373.7766039267212,1379.9685568118125,1381.312340515754,1378.7646490840252,1384.103114008168,1379.5710056693745,1391.5809769050938,1380.42439482207,1393.5982537950802,1367.2350543114921,1376.168670133334,1376.2973106866646,1378.4076548541348,1394.7330961147443,1378.4626972609049,1394.1448143718649,1399.3192165487128,1383.0177621221944,1404.5774899873961,1404.241678103828,1414.945392613147,1417.6473694871718,1413.1080722503766,1406.1569560359692,1386.248323401641,1411.1980642649053,1409.6184766311505,1400.48096839699,1379.1498743103048,1376.7904163099502,1395.3267663097868,1393.6673951856585,1398.9758896808064,1391.881328263075,1392.7130582344498,1391.1851315689814,1394.0631778247748,1389.9915785282085,1391.3951103913369,1390.510443394676,1385.952628054965,1382.3331610740745,1386.117378384792,1388.4947992600733,1379.4416044634256,1373.892771995439,1373.2828280114009,1383.82840686684,1372.3823192329392,1379.0977178624378,1381.3949710204533,1381.8396755166389,1378.4250151769131,1374.8409547435692,1380.834350001309,1375.7307847565194,1383.4961712019424,1380.0297982611874,1382.4396802302936,1381.095026376936,1385.7323220059088,1378.9913526926227,1398.6104314048425,1377.4935105782945,1388.9846115187881,1380.239652551339,1369.083524271573,1374.212008056038,1372.7896096418674,1382.1254495979044,1392.666948685843,1390.3103826958409,1388.2186814652496,1391.8300360479186,1399.7297524519608,1410.5897455652955,1413.748826568951,1399.1893078614062,1409.2907626554827,1399.8915934291247,1374.2581406557058,1398.1304878414094,1409.765987531472,1398.2513362364518,1381.2744357026193,1376.6171774003749,1395.9255321893704,1402.8408303381386,1383.3009920585978,1390.6736451199451,1389.362250288425,1391.1855686962112,1387.2359777670665,1390.406343035631,1379.2961080472046,1386.0817414679152,1381.6315014388674,1386.925221659097,1390.6971634465508,1381.7140658176597,1376.4028706027568,1383.8187699933692,1380.9039940531975,1387.5125379786505,1379.2350160489912,1388.9523723350708,1378.6183334387486,1377.476727620787,1379.2708218470689,1383.0944283349706,1386.3377260257478,1379.6562868344386,1384.1254136339332,1371.2520073895112,1381.9568816707456,1389.9384239991991,1389.1341845031907,1386.3640906357598
0,2,1390.9250936292815,1391.2134709893687,1386.2241243048584,1389.2161824729967,1384.2531429985904,1392.842028692528,1389.5806820120074,1383.6270065126444,1388.9622362869295,1386.6738816815391,1388.757216604848,1387.1099871675553,1388.2504417529701,1391.7467501129274,1386.2838482736897,1386.0945523015018,1390.6963524190526,1381.2292120671973,1386.0770454814265,1387.8906654743141,1380.373662039851,1384.6353576671747,1384.0291023252344,1382.3944765724973,1383.6942283019516,1388.2377663453333,1381.8072713580723,1381.4930418254212,1384.4253569318082,1385.612964918006,1381.7519741596866,1382.6370914724293,1392.1527497877382,1387.081599947863,1383.552799313499,1378.3415954950028,1387.4441291177898,1384.247933531804,1382.6694246832044,1390.7837000020936,1383.5310446423532,1392.5136362068715,1385.7537914040583,1387.031196767271,1387.4296540034081,1390.0601166353,1390.7623353678948,1398.0096304967467,1391.9967472924836,1390.3244040025272,1389.4416180459584,1391.2043286931496,1386.9055765471157,1386.7567448426494,1389.002365896009,1385.86141956025,1389.8979458191511,1386.6672916254172,1388.722135237039,1387.1793437717258,1388.092718266576,1387.8732872804228,1389.6875158005078,1387.0431644760008,1387.3849059158274,1385.3888102479902,1390.3797125336791,1393.7791708007057,1386.8963036967393,1387.8235195381944,1382.8047723085658,1385.0240148885075,1382.528499052143,1384.3918917068468,1380.7676636386304,1388.098100643091,1384.616334061624,1385.536006043529,1386.5227085378451,1383.613418321852,1387.5059707031016,1391.6368551553085,1384.873018613922,1384.25141091092,1382.1963649745578,1382.6553706131197,1386.184010058996,1390.6928818202719,1388.3125028079544,1386.2428798576661,1388.035753591108,1382.923865744359,1388.8060091562754,1389.6525742556653,1388.3410606805146,1388.6303690933391,1382.8532250577443,1388.501200162761,1379.5775276166735,1386.8360185333192,1385.8846356917309,1393.4232981126893,1389.2912075310078,1391.6899525709282,1390.7442726931356,1379.7406140889059,1383.0642716937489,1389.516337067384,1393.4067931233817,1389.6193142844998,1384.9275350815317,1385.8541983421896,1393.4423548172224,1391.041835215458,1390.7369771739573,1388.674078593385,1391.4404890922033,1391.1462642170475,1389.411738740512,1391.1952849970153,1384.8787490425184,1384.7397690007176,1382.7028004680426,1383.9211242237307,1389.659192553692,1389.2289006009894,1383.982184537596,1383.9904181455586,1393.1605049144273,1383.597089610546,1380.8166620756108,1385.30822767811,1383.7807261227836,1389.1342791900045,1389.147789537079,1382.9594712591274,1381.9497901016045,1386.3330731156923,1390.9678501075032,1386.3137651571017,1393.016784030386,1388.3017412672252,1392.1077498618436,1383.8512926104934
0,3,1387.5362499285375,1388.873857824462,1389.7452357653772,1389.6104004379304,1386.3389746027847,1388.7141082279832,1391.1904585584064,1392.4117701101336,1384.5704283439763,1389.3726484311405,1386.2406543222394,1388.2118789637832,1389.099911661455,1390.1023558877646,1383.8270392673826,1387.002684920792,1387.1339309129094,1386.738013348758,1383.473966571627,1385.3069757279059,1386.356190811176,1390.6615061341413,1388.579122009925,1384.320448923576,1383.4260311395597,1388.968553252495,1385.4360354156022,1384.0516635230558,1385.051025879428,1388.887151565531,1386.7495859460416,1386.6645894928981,1389.5875626060085,1390.5206771964326,1390.3997715434368,1381.511641712899,1386.137408805342,1385.6578106590628,1384.0124857863316,1389.1384099289032,1385.3812397675506,1387.158873059398,1386.4162765455403,1385.4970296872432,1390.4506455903122,1388.2652078201995,1387.5510706342689,1391.6413635153606,1391.9136677837319,1389.3422343638993,1389.4138218090156,1388.7430905010897,1388.0842016327251,1390.1133283521888,1386.1136865325848,1386.6379008524661,1389.7694128757062,1387.54657154263,1390.7902983631614,1387.3796717049518,1386.5377136517861,1386.490458473613,1387.2165931877691,1387.0394551633383,1387.9492037187104,1390.8893945812083,1387.6887864216042,1390.7198030900354,1384.4513731882807,1386.5066744409314,1388.0249429679532,1385.0092884226779,1387.132775432209,1385.7242850333166,1385.9524945985374,1385.5536571017797,1384.7634538576247,1387.5889532633514,1385.7159764109615,1379.7374764605088,1387.985026788787,1388.655211912319,1388.3279247517585,1384.4248011036095,1385.523670714023,1387.3943733941398,1384.3130334927093,1383.1992390270068,1388.8697353374614,1389.2158526892251,1386.7509579901307,1387.1667168363133,1385.4009064763682,1383.3654849715253,1389.0569137766647,1387.897422039185,1386.1417358794035,1385.5478126772496,1385.12626205618,1389.4991172984703,1386.1615658985106,1391.9286731401935,1387.8190516354462,1385.8540010391152,1386.3905958047474,1388.5082756709762,1382.7777116976144,1386.5751277901365,1388.5498940690643,1387.164064669292,1386.947727970257,1387.794991377077,1386.2653223580542,1386.715924867146,1388.5076235955714,1386.18233216049,1386.5874877723834,1385.1795699003055,1384.4315455824494,1387.517031568341,1385.185362300445,1385.6855553591397,1388.7293294455542,1389.09754731005,1392.088766640073,1385.6799414313039,1382.6003303392158,1384.7137006649514,1387.0882254084454,1385.3225120242034,1383.7108528062545,1388.261357168721,1382.3331992663989,1387.000975196713,1384.3934921643588,1385.7494921025338,1386.0154734713606,1387.381484085032,1390.1229932587314,1384.1813460030871,1390.1698975789723,1390.2846887370356,1388.832527338823,1382.2629129687175
0,4,1388.1296812672813,1384.810249407297,1386.462278295916,1386.9356520066565,1388.734119222258,1391.260434517181,1388.6843658061132,1385.2022193980847,1385.2613271533694,1385.7154024644597,1385.3799761350367,1387.8940490964649,1385.8485229518226,1388.7611447786808,1384.1107338456472,1384.4699960539074,1386.1926788569037,1386.8383569999585,1386.2801779145675,1389.154360335654,1386.7578583887332,1385.9273097544437,1387.4094679208517,1387.688265434902,1384.0233146616863,1389.3071140002942,1387.5971795824091,1386.916751129946,1390.1157736879977,1386.8010410037216,1386.6666889813125,1384.7271961985607,1387.5993159024008,1387.6217110800649,1386.647108920263,1381.2541045076837,1387.6417240700262,1383.4688750653318,1387.5720471795373,1387.8083345761763,1383.519108715441,1387.4310013874574,1385.8323127299664,1385.554679334765,1386.3985039051538,1388.316986393762,1386.7748846165007,1388.4183649725135,1388.207461637644,1388.1306438183924,1386.9422977422532,1387.3143404961497,1386.115712456397,1386.773053989776,1386.4133976987137,1386.0371293132978,1388.8067086278397,1387.8201514612438,1386.0093412404299,1388.345233966285,1388.3222501215982,1389.0258448012673,1386.181525927199,1387.5548111423707,1388.782990866499,1387.0553009957005,1386.6298750669341,1387.5612767725775,1387.6592795192446,1388.8844023062616,1386.942670449241,1386.4624091701296,1386.0547811022993,1386.9406393375018,1386.6475853786612,1388.212213559839,1387.0329318245408,1387.6553063541892,1386.4710289992724,1383.1162488149782,1385.8952927784412,1391.2084322015671,1388.1357580504568,1385.8777083129808,1386.526196574817,1389.9720882958923,1386.3522821814072,1385.629020468212,1390.5663196239864,1386.9377366080246,1387.8325165201722,1387.216816428326,1385.2351337603793,1389.1884042386118,1387.5582828365,1387.451415896857,1385.0982980389574,1382.9048687822708,1386.355353422455,1386.960727183095,1387.7031610157699,1391.3677999265062,1390.2446969229588,1389.4738254073736,1387.5257464115707,1384.4839348065784,1385.9361617893678,1386.410088655606,1389.978673960334,1388.9093010928977,1386.861774637398,1387.9114143302602,1389.9352492708504,1388.5760537071774,1385.792893175726,1387.3423393987334,1388.788649520479,1387.2832874719193,1388.2808477569997,1387.4467365429489,1385.42175924601,1387.6114897548189,1385.7423236061647,1386.035092166402,1388.917210888487,1387.6652675951989,1383.6740733806464,1385.9039781691936,1387.8203658850111,1387.1000321317006,1383.0772693635513,1385.00642951569,1383.722445414914,1389.2038321616283,1387.95618927529,1385.9231161980174,1386.9427005451091,1388.0369343120344,1387.2638953888436,1386.9748951858396,1390.380451021078,1389.4872956377178,1389.1777791741538,1384.9025398069816
0,5,1388.1296812672813,1384.810249407297,1386.4622782959163,1386.9356520066563,1388.7341192222582,1391.2604345171808,1388.6843658061134,1385.2022193980847,1385.2613271533692,1385.7154024644597,1385.3799761350367,1387.8940490964649,1385.8485229518224,1388.761144778681,1384.1107338456475,1384.4699960539076,1386.192678856904,1386.8383569999585,1386.2801779145673,1389.154360335654,1386.7578583887334,1385.927309754444,1387.409467920852,1387.688265434902,1384.0233146616863,1389.307114000294,1387.597179582409,1386.9167511299459,1390.115773687998,1386.8010410037214,1386.6666889813125,1384.7271961985607,1387.5993159024008,1387.6217110800649,1386.6471089202632,1381.254104507684,1387.6417240700262,1383.468875065332,1387.5720471795373,1387.8083345761765,1383.519108715441,1387.4310013874572,1385.8323127299664,1385.554679334765,1386.3985039051536,1388.316986393762,1386.7748846165005,1388.4183649725135,1388.207461637644,1388.1306438183924,1386.9422977422532,1387.31434049615,1386.1157124563974,1386.7730539897757,1386.4133976987137,1386.0371293132978,1388.80670862784,1387.820151461244,1386.0093412404299,1388.345233966285,1388.3222501215982,1389.0258448012673,1386.181525927199,1387.554811142371,1388.782990866499,1387.0553009957005,1386.6298750669341,1387.5612767725777,1387.6592795192444,1388.8844023062616,1386.942670449241,1386.4624091701298,1386.0547811022993,1386.9406393375016,1386.6475853786612,1388.212213559839,1387.0329318245406,1387.6553063541894,1386.4710289992727,1383.1162488149782,1385.8952927784412,1391.2084322015671,1388.135758050457,1385.8777083129808,1386.5261965748168,1389.9720882958923,1386.3522821814074,1385.629020468212,1390.5663196239864,1386.9377366080244,1387.8325165201722,1387.2168164283262,1385.2351337603798,1389.1884042386116,1387.5582828365002,1387.4514158968568,1385.0982980389576,1382.904868782271,1386.3553534224548,1386.9607271830953,1387.70316101577,1391.3677999265064,1390.2446969229588,1389.4738254073734,1387.525746411571,1384.4839348065784,1385.9361617893683,1386.4100886556057,1389.978673960334,1388.9093010928977,1386.8617746373977,1387.9114143302602,1389.9352492708501,1388.5760537071774,1385.7928931757262,1387.3423393987334,1388.788649520479,1387.2832874719193,1388.2808477569997,1387.446736542949,1385.4217592460097,1387.6114897548189,1385.7423236061643,1386.035092166402,1388.9172108884873,1387.665267595199,1383.6740733806466,1385.9039781691936,1387.8203658850111,1387.1000321317006,1383.0772693635513,1385.00642951569,1383.722445414914,1389.203832161628,1387.9561892752902,1385.9231161980176,1386.9427005451091,1388.0369343120344,1387.2638953888434,1386.9748951858398,1390.380451021078,1389.4872956377178,1389.1777791741536,1384.9025398069816
0,6,1389.8440588124702,1385.5361816373409,1385.3724511868609,1386.8222881160132,1387.0655266552242,1389.1574559265541,1385.5966125419918,1384.9226361105405,1388.1259884687315,1386.0403530919732,1385.6393656955215,1388.58908594394,1385.6643180033482,1389.1613231146302,1387.3946243632977,1385.335519384396,1386.3720794128699,1386.1933359503807,1387.6547023925107,1386.1918721832171,1386.8171494529824,1388.3136350636025,1386.6185174472064,1385.8540340762338,1386.5064081339447,1386.8030716982414,1386.3298656221086,1388.5002642536663,1389.4663381595994,1384.7385161750458,1386.5666386975297,1387.0922699750834,1387.308886173691,1388.2838484780882,1385.6903047440483,1383.0841038474953,1387.1175506078757,1385.4096433558007,1388.3924307273385,1388.0239209344918,1385.5157736554781,1388.0419286682966,1388.889240439369,1385.153601230367,1389.6275068648888,1388.4440720721436,1387.8269809355227,1389.8351558408663,1386.2476235283434,1387.0742737863286,1387.6770717663987,1386.2297496080096,1384.7033382552574,1387.3028945838696,1385.3162479753564,1386.506799836205,1387.6262658348787,1386.885952313988,1385.5880413380946,1387.4551414444807,1388.1307463531361,1388.3429740027511,1385.7370402054273,1386.370948122698,1385.962884289758,1388.2475176113724,1387.6320983710234,1387.9022548218254,1388.5842545375738,1387.5519403577098,1386.3763193474033,1385.8503769661436,1385.4394881890387,1387.2135721943207,1387.3181160170736,1387.5473573182892,1387.551214680072,1386.8466121587162,1388.20070666496,1385.3609574310663,1386.2966030635444,1387.7727610160657,1387.7344805188056,1386.6290468125164,1387.0395624613277,1386.0939629272962,1386.945229462177,1386.253110002186,1387.9027905392566,1387.0589701605975,1387.8525363536814,1386.7755310194732,1385.5530293411123,1385.6015272861978,1386.8846212555243,1386.8678176162907,1387.1073577182585,1384.7017603388238,1386.2042623107716,1386.2150009269117,1388.2539892258576,1388.9420968928862,1386.114986632592,1387.4724378611754,1385.7836541122947,1386.0465544266629,1387.1758069554862,1388.2696499005012,1389.2436742112357,1388.2113779234699,1386.2622638627674,1387.530784054041,1388.0569641300647,1388.5693222238515,1385.008823307542,1385.8756633218468,1389.622164869348,1386.592132519813,1388.6238202019977,1387.0617069462003,1388.1635414274099,1388.0918791374472,1387.530465379798,1386.2360628220783,1389.1768722844408,1386.8721316826166,1386.276885845788,1385.1130527842795,1388.1974864591025,1387.5100240391466,1385.6303534439419,1385.046215371972,1388.2322504313731,1386.091955702431,1388.1193723330794,1389.0428272143176,1386.8192906179438,1388.3047087459097,1389.5069592860239,1387.3303220352243,1388.366806734091,1389.797769986495,1387.9114932489747,1385.8454714385166
0,7,1389.8440588124702,1385.5361816373406,1385.3724511868609,1386.8222881160132,1387.0655266552242,1389.1574559265541,1385.5966125419918,1384.9226361105405,1388.1259884687315,1386.0403530919732,1385.6393656955213,1388.58908594394,1385.6643180033482,1389.1613231146305,1387.3946243632977,1385.3355193843963,1386.3720794128697,1386.1933359503807,1387.654702392511,1386.1918721832174,1386.8171494529824,1388.3136350636023,1386.6185174472064,1385.854034076234,1386.5064081339447,1386.8030716982412,1386.3298656221086,1388.5002642536663,1389.4663381595992,1384.7385161750458,1386.5666386975297,1387.0922699750834,1387.308886173691,1388.2838484780882,1385.6903047440485,1383.0841038474957,1387.117550607876,1385.4096433558007,1388.3924307273387,1388.0239209344918,1385.5157736554781,1388.0419286682968,1388.8892404393691,1385.153601230367,1389.6275068648888,1388.4440720721434,1387.8269809355227,1389.835155840866,1386.2476235283434,1387.0742737863286,1387.677071766399,1386.2297496080096,1384.7033382552574,1387.3028945838698,1385.3162479753564,1386.5067998362047,1387.6262658348787,1386.885952313988,1385.5880413380946,1387.4551414444807,1388.1307463531364,1388.3429740027511,1385.7370402054275,1386.370948122698,1385.962884289758,1388.2475176113724,1387.6320983710236,1387.9022548218256,1388.5842545375738,1387.5519403577098,1386.376319347403,1385.8503769661434,1385.439488189039,1387.2135721943207,1387.3181160170739,1387.5473573182892,1387.5512146800718,1386.846612158716,1388.20070666496,1385.360957431066,1386.2966030635446,1387.7727610160655,1387.7344805188056,1386.6290468125164,1387.0395624613273,1386.093962927296,1386.9452294621767,1386.2531100021863,1387.9027905392563,1387.0589701605973,1387.8525363536814,1386.775531019473,1385.553029341112,1385.6015272861978,1386.8846212555243,1386.8678176162907,1387.1073577182588,1384.7017603388235,1386.2042623107716,1386.2150009269114,1388.2539892258576,1388.9420968928862,1386.114986632592,1387.4724378611754,1385.783654112295,1386.0465544266629,1387.175806955486,1388.2696499005012,1389.2436742112359,1388.21137792347,1386.2622638627674,1387.530784054041,1388.056964130065,1388.5693222238515,1385.0088233075421,1385.8756633218466,1389.6221648693477,1386.592132519813,1388.6238202019974,1387.0617069462003,1388.16354142741,1388.0918791374472,1387.5304653797982,1386.2360628220786,1389.1768722844404,1386.8721316826168,1386.2768858457882,1385.1130527842795,1388.1974864591025,1387.5100240391466,1385.630353443942,1385.0462153719716,1388.232250431373,1386.0919557024308,1388.1193723330796,1389.0428272143179,1386.819290617944,1388.3047087459097,1389.506959286024,1387.3303220352243,1388.366806734091,1389.7977699864948,1387.9114932489747,1385.8454714385164
0,8,1388.8444291064418,1385.8660069860075,1386.7160935732777,1386.0879279622918,1387.3689719937709,1389.4027383067023,1384.7720236758278,1386.4642531942693,1387.9266454503152,1386.4645073194736,1385.4179050213454,1387.4545249534756,1387.1330892065878,1389.6666197589034,1386.2963574818793,1386.3158350766612,1386.3841675132264,1386.5451575443205,1387.2941951200125,1387.437894181438,1387.2574284908067,1389.1870475228704,1385.821604168791,1386.3458097813968,1385.5079731488247,1387.176333446726,1386.79571643165,1387.2600041496125,1389.406003146887,1385.7476874310128,1385.4553149097428,1386.6924443598798,1386.9933465964982,1387.2682051966283,1386.4593253443845,1386.1537635195612,1387.1465421728901,1386.0754991293081,1388.1371444973424,1388.7646936438318,1386.2329591609525,1388.4309867926675,1387.0369157978434,1384.5318834541233,1388.6662757701906,1388.4856820635653,1386.708691336857,1388.3302864665711,1387.0686683010013,1387.6087077586346,1389.3487422393387,1386.240522706669,1387.6628043561107,1387.2216346592827,1386.7400099741883,1386.6213454068256,1387.1340652842343,1386.1888556546096,1386.0613140762125,1387.4706562834301,1388.8068946999879,1386.9169168827777,1386.155980885289,1387.6124576389682,1385.6712749248275,1387.057490202282,1387.4516095978047,1387.5705068225914,1387.5221116417194,1387.239491399037,1385.6305792500789,1384.6559742793438,1385.4975554413913,1386.9564546271995,1387.8975775085332,1385.973500907887,1386.92463518046,1387.124192273772,1388.4724167152833,1385.2156250012,1386.4092134745035,1388.4240657844282,1385.9272684912,1386.5348691491615,1388.6694379958265,1386.8829096555996,1388.563800717738,1387.3039715828625,1387.5117946866585,1386.880049814323,1386.7531550328313,1386.3040463611721,1384.8769774011216,1387.0520813721628,1387.0711779376686,1387.1075053997952,1385.9229352412692,1386.0078486205693,1387.342554439777,1387.4695769157404,1386.8900726170436,1387.9730190779123,1387.0474817980758,1387.6301984329486,1387.243533084583,1385.1416920995314,1386.050799512189,1387.9532667548913,1386.705385303309,1387.3271747674708,1387.8955781323828,1387.0394564322316,1388.1468892697765,1388.4015852665173,1385.7274629176777,1387.140990461552,1387.6973832616281,1387.3963190252937,1387.75200714785,1389.7883024640782,1385.9814433223733,1387.996923289972,1386.0638246360384,1386.0052648577378,1387.2429558536346,1386.8066363258322,1386.6889006336667,1387.1219423602322,1387.9546233315211,1388.466419606358,1386.177362798987,1386.261321335119,1387.0622960642,1385.9955304013324,1387.77040293354,1388.528490623177,1386.5302069259621,1387.3007935330795,1387.5135686385913,1386.0410315855916,1388.6036124318005,1389.5583572665403,1388.858655088365,1386.9843637136219
0,9,1388.8444291064418,1385.8660069860075,1386.7160935732777,1386.0879279622918,1387.3689719937706,1389.402738306702,1384.772023675828,1386.4642531942693,1387.9266454503154,1386.4645073194738,1385.4179050213454,1387.4545249534754,1387.1330892065876,1389.6666197589032,1386.296357481879,1386.3158350766612,1386.3841675132264,1386.5451575443205,1387.2941951200125,1387.437894181438,1387.257428490807,1389.1870475228704,1385.8216041687913,1386.3458097813966,1385.5079731488247,1387.1763334467262,1386.7957164316501,1387.2600041496125,1389.4060031468869,1385.7476874310128,1385.4553149097426,1386.6924443598798,1386.9933465964984,1387.268205196628,1386.4593253443845,1386.153763519561,1387.14654217289,1386.0754991293081,1388.1371444973422,1388.764693643832,1386.2329591609525,1388.4309867926675,1387.0369157978437,1384.5318834541233,1388.6662757701904,1388.4856820635653,1386.708691336857,1388.330286466571,1387.0686683010013,1387.6087077586349,1389.348742239339,1386.2405227066688,1387.6628043561109,1387.2216346592827,1386.7400099741883,1386.6213454068256,1387.1340652842343,1386.1888556546094,1386.0613140762127,1387.47065628343,1388.8068946999879,1386.9169168827775,1386.1559808852892,1387.6124576389682,1385.6712749248277,1387.0574902022822,1387.451609597805,1387.5705068225916,1387.5221116417194,1387.2394913990368,1385.6305792500793,1384.6559742793443,1385.4975554413913,1386.9564546271995,1387.8975775085332,1385.9735009078868,1386.92463518046,1387.124192273772,1388.4724167152833,1385.2156250012,1386.4092134745038,1388.4240657844284,1385.9272684912,1386.5348691491615,1388.6694379958262,1386.8829096555999,1388.5638007177383,1387.303971582862,1387.511794686658,1386.8800498143228,1386.7531550328313,1386.3040463611721,1384.8769774011214,1387.0520813721628,1387.0711779376682,1387.1075053997954,1385.9229352412692,1386.0078486205696,1387.3425544397771,1387.4695769157402,1386.8900726170436,1387.973019077912,1387.047481798076,1387.6301984329489,1387.2435330845829,1385.1416920995312,1386.0507995121889,1387.9532667548915,1386.7053853033087,1387.3271747674708,1387.8955781323828,1387.0394564322319,1388.1468892697767,1388.4015852665175,1385.7274629176777,1387.1409904615518,1387.6973832616284,1387.3963190252935,1387.7520071478502,1389.7883024640782,1385.9814433223733,1387.9969232899723,1386.0638246360386,1386.0052648577378,1387.242955853635,1386.806636325832,1386.6889006336664,1387.1219423602322,1387.9546233315211,1388.4664196063577,1386.1773627989867,1386.2613213351192,1387.0622960642,1385.9955304013322,1387.7704029335398,1388.5284906231766,1386.5302069259624,1387.3007935330795,1387.5135686385913,1386.0410315855916,1388.6036124318007,1389.5583572665405,1388.8586550883651,1386.9843637136219
0,10,1388.9081339079366,1387.2340567344324,1388.0673506163166,1387.0515063274524,1387.161580280854,1388.367340242134,1387.115128519585,1387.3036444828394,1388.3573527660449,1387.2933308015333,1386.2700578941526,1387.3553596694148,1388.654747060622,1388.2916626542553,1386.8183984962393,1386.4844617277324,1385.800268155211,1387.5122573793471,1386.7582518598733,1387.125947525751,1386.7497794909511,1389.0247776980743,1387.5033147439865,1387.439324010825,1385.56988332613,1386.204159852563,1387.3623798542365,1388.0120749190014,1388.451319497202,1385.918758704837,1386.4028390627411,1385.794970776677,1386.6997353723002,1388.412758006289,1387.9557925098309,1385.9313051037004,1388.0604381328822,1385.1009983343647,1388.0501923332895,1386.8393512502596,1386.3180336517987,1386.911141174284,1387.5375363514092,1385.447887268119,1388.5048194605615,1388.2730042309154,1386.4786756962062,1388.2333683086401,1387.3381834460056,1387.1433701316093,1388.713651197554,1387.1482847764466,1386.556766874554,1387.4013187957635,1386.5837480422224,1386.417566849839,1388.1924722526892,1385.9071698651617,1386.2710323350568,1386.2187458308256,1386.7509668903222,1387.0244289000573,1385.6550036376248,1386.7884885313333,1385.442847576584,1387.069017436069,1388.581665160363,1386.3699993555126,1386.8012089733472,1388.2532099591626,1386.3078497894976,1387.2210879696192,1386.8079049412447,1387.4643388120262,1385.6866133679525,1387.8741423319145,1386.1193133222434,1386.9809001962064,1388.7492461632492,1385.5351505628928,1387.1567481473985,1386.1577483481137,1385.441622655323,1386.5567609328932,1387.5482388879784,1385.63349741386,1388.3075099142716,1385.9310620128388,1388.5186680539105,1385.8333102202196,1386.25033549377,1387.008831645145,1386.0713942995599,1386.6021860394424,1386.3818906545343,1387.6553311480075,1386.087214230512,1386.856012911083,1386.7228838266553,1386.1286837354978,1387.3455806133893,1389.5208372474283,1388.4443866462657,1386.6996648756092,1387.023526308025,1385.9417378260607,1385.986029212344,1387.1565578179261,1386.5889779576971,1388.0176298397519,1388.0936539721063,1386.7999424545164,1387.8344986754842,1388.1797958698935,1386.5821284019912,1386.006040620105,1386.3214787511045,1387.5142264472054,1387.511909866387,1387.501249590393,1386.2423214073535,1388.350903711674,1386.267552403866,1386.9696483820733,1386.9003533665518,1387.353388788585,1387.3801076787277,1387.5785393820286,1386.9696194303674,1387.2229425611188,1387.2188076470982,1386.0588250386681,1386.4958077143963,1387.9197780931643,1387.7054049870414,1388.4553697524464,1387.2167769862394,1386.45046457916,1386.9787974670814,1385.6483094539449,1387.7443330998065,1387.8263510939269,1387.9462875169288,1387.8186247915403
0,11,1388.9081339079369,1387.2340567344324,1388.0673506163166,1387.0515063274524,1387.161580280854,1388.367340242134,1387.115128519585,1387.3036444828394,1388.3573527660446,1387.293330801533,1386.2700578941524,1387.355359669415,1388.6547470606224,1388.2916626542556,1386.8183984962398,1386.4844617277322,1385.800268155211,1387.512257379347,1386.7582518598733,1387.1259475257511,1386.7497794909511,1389.0247776980743,1387.5033147439863,1387.439324010825,1385.56988332613,1386.2041598525627,1387.3623798542367,1388.0120749190012,1388.4513194972021,1385.9187587048368,1386.4028390627411,1385.7949707766768,1386.6997353723,1388.412758006289,1387.9557925098309,1385.9313051037004,1388.0604381328822,1385.1009983343645,1388.0501923332895,1386.8393512502594,1386.3180336517985,1386.911141174284,1387.5375363514092,1385.4478872681193,1388.5048194605613,1388.2730042309154,1386.4786756962064,1388.2333683086401,1387.3381834460054,1387.1433701316093,1388.7136511975539,1387.1482847764469,1386.5567668745537,1387.4013187957635,1386.5837480422226,1386.417566849839,1388.1924722526896,1385.9071698651617,1386.2710323350568,1386.2187458308256,1386.7509668903222,1387.0244289000575,1385.6550036376248,1386.7884885313333,1385.4428475765842,1387.069017436069,1388.581665160363,1386.3699993555126,1386.8012089733475,1388.2532099591629,1386.3078497894976,1387.221087969619,1386.8079049412445,1387.4643388120264,1385.6866133679523,1387.8741423319148,1386.1193133222434,1386.9809001962064,1388.7492461632492,1385.5351505628928,1387.1567481473983,1386.1577483481137,1385.4416226553228,1386.556760932893,1387.5482388879784,1385.6334974138601,1388.3075099142716,1385.9310620128392,1388.518668053911,1385.8333102202196,1386.2503354937703,1387.0088316451452,1386.0713942995603,1386.6021860394424,1386.3818906545346,1387.6553311480072,1386.087214230512,1386.8560129110829,1386.722883826655,1386.1286837354976,1387.345580613389,1389.5208372474283,1388.4443866462657,1386.6996648756092,1387.023526308025,1385.9417378260607,1385.9860292123442,1387.156557817926,1386.5889779576971,1388.017629839752,1388.0936539721063,1386.7999424545164,1387.834498675484,1388.1797958698935,1386.5821284019912,1386.0060406201053,1386.3214787511045,1387.5142264472051,1387.5119098663868,1387.501249590393,1386.2423214073535,1388.350903711674,1386.267552403866,1386.9696483820733,1386.900353366552,1387.353388788585,1387.3801076787277,1387.5785393820288,1386.9696194303676,1387.222942561119,1387.2188076470982,1386.0588250386684,1386.4958077143963,1387.9197780931643,1387.7054049870417,1388.4553697524466,1387.2167769862394,1386.45046457916,1386.9787974670817,1385.6483094539449,1387.7443330998065,1387.826351093927,1387.9462875169288,1387.8186247915403
0,12,1387.709650248224,1386.176100067759,1387.3959976446315,1386.9803479885572,1387.0554059707915,1389.2519591244459,1387.0233991112498,1387.7682536200052,1387.3935060079275,1386.4667061740151,1387.7134518427947,1386.9514551413586,1387.4932744032465,1388.5881797030177,1387.170011892213,1386.6632264448804,1386.8420446320927,1386.4843784860855,1387.8194090294514,1386.573687698463,1386.8050868379316,1387.5340056589177,1388.2447557775224,1387.8113499151511,1385.0962453480981,1386.0194687058804,1387.4257022833756,1387.8651989474567,1388.8286917576204,1386.5552591397768,1385.4763656326347,1386.7341737351787,1386.9735770650532,1387.2269049101849,1387.1579854101406,1387.0053977538364,1387.806572843893,1386.0619388299986,1387.0803343484067,1386.411651311558,1386.5223229346861,1387.1258178874546,1386.4679847478567,1385.7165540517215,1387.6423009598789,1388.403217123936,1387.3729828276205,1387.8697624317388,1386.6151221159462,1386.851434306866,1387.4055572521406,1387.1239116670934,1385.667124499337,1387.420866328328,1387.33442216033,1386.238824873321,1387.0549209666526,1386.1551870127428,1386.5427421942645,1386.212396525617,1388.02017554162,1386.2014309131655,1386.6879708391584,1387.0268213862903,1386.6704159406554,1387.1630261532723,1387.7317834940163,1387.1489160092997,1386.4070989759325,1387.4828407997186,1386.4082330587373,1387.3379024380001,1387.0007685789099,1386.7939786428767,1387.1208732786308,1387.6158073759893,1387.2474629122464,1388.313837189043,1387.5806322174965,1385.447125421392,1387.7504159556272,1387.448853759322,1386.0710402867908,1386.3932059374,1387.5056585349535,1386.4226437459097,1387.923423056951,1386.7785573913002,1387.7269755624664,1387.2168416824406,1385.0419298516917,1388.1107281389727,1386.7378401492956,1387.0578288909355,1386.8076639586186,1387.645317574556,1385.7361289587802,1386.736866534402,1386.3201258325996,1387.621518255097,1387.5823927238523,1386.8856092083815,1387.3395176276977,1387.1823134253339,1387.1920503287165,1387.7756852733783,1385.8197211513382,1387.2351848942924,1387.3448712765337,1386.485090064099,1388.097708438409,1387.187172181184,1387.798178666494,1386.7954627669747,1385.233760861963,1386.3962234794594,1386.804441658587,1388.3169684768989,1386.9901870617903,1387.7576465137388,1386.095852412241,1387.5207584648608,1386.014289448838,1386.4907876984335,1387.462366073725,1387.1450954868646,1388.0499510402603,1387.0766601050907,1386.6528817944434,1388.3278275110054,1387.3257709480126,1386.3506203240413,1387.5357669458228,1387.5868697094631,1387.84652905739,1386.2182045967759,1387.0223040980293,1387.6679712331168,1387.8583591143147,1386.0752053761394,1388.1066606385484,1387.5874587752562,1388.1871168077685,1386.8635261217582
0,13,1387.709650248224,1386.1761000677593,1387.3959976446315,1386.9803479885572,1387.0554059707915,1389.2519591244456,1387.02339911125,1387.7682536200052,1387.3935060079275,1386.4667061740151,1387.7134518427947,1386.9514551413583,1387.4932744032465,1388.5881797030174,1387.1700118922129,1386.6632264448806,1386.8420446320927,1386.4843784860855,1387.8194090294512,1386.573687698463,1386.8050868379316,1387.5340056589177,1388.2447557775229,1387.8113499151514,1385.0962453480981,1386.0194687058802,1387.4257022833754,1387.8651989474565,1388.8286917576204,1386.5552591397768,1385.4763656326347,1386.7341737351785,1386.9735770650534,1387.226904910185,1387.1579854101408,1387.0053977538364,1387.8065728438933,1386.0619388299986,1387.080334348407,1386.4116513115582,1386.522322934686,1387.1258178874543,1386.4679847478565,1385.7165540517215,1387.6423009598789,1388.4032171239362,1387.3729828276207,1387.8697624317388,1386.615122115946,1386.851434306866,1387.4055572521406,1387.1239116670936,1385.667124499337,1387.4208663283282,1387.3344221603297,1386.238824873321,1387.0549209666524,1386.1551870127428,1386.542742194264,1386.212396525617,1388.0201755416197,1386.2014309131657,1386.6879708391582,1387.0268213862903,1386.6704159406552,1387.163026153272,1387.7317834940163,1387.1489160092995,1386.4070989759327,1387.4828407997184,1386.4082330587373,1387.3379024380001,1387.0007685789099,1386.7939786428767,1387.120873278631,1387.6158073759893,1387.2474629122466,1388.313837189043,1387.5806322174965,1385.4471254213922,1387.7504159556274,1387.4488537593222,1386.0710402867905,1386.3932059373997,1387.5056585349535,1386.42264374591,1387.9234230569512,1386.7785573913,1387.7269755624661,1387.2168416824409,1385.0419298516915,1388.1107281389727,1386.7378401492956,1387.0578288909358,1386.8076639586186,1387.645317574556,1385.7361289587802,1386.7368665344022,1386.3201258325994,1387.621518255097,1387.5823927238523,1386.8856092083815,1387.339517627698,1387.1823134253339,1387.1920503287167,1387.7756852733783,1385.8197211513382,1387.2351848942922,1387.3448712765335,1386.485090064099,1388.0977084384092,1387.187172181184,1387.7981786664939,1386.7954627669749,1385.233760861963,1386.3962234794592,1386.8044416585865,1388.316968476899,1386.9901870617903,1387.7576465137388,1386.0958524122411,1387.5207584648608,1386.014289448838,1386.4907876984335,1387.462366073725,1387.1450954868649,1388.0499510402603,1387.0766601050907,1386.6528817944431,1388.3278275110056,1387.3257709480129,1386.3506203240415,1387.535766945823,1387.5868697094636,1387.84652905739,1386.2182045967759,1387.0223040980293,1387.667971233117,1387.8583591143147,1386.0752053761396,1388.1066606385484,1387.5874587752562,1388.1871168077685,1386.8635261217582
0,14,1387.8854489669836,1386.7597439885315,1387.7815377050988,1387.4720891743887,1387.074998398076,1388.609978022994,1387.7567702543759,1387.3504291772472,1388.0765192115748,1386.7901344505053,1387.6567743606781,1386.8661971632534,1387.3687483542494,1386.8569113500125,1386.8667324483445,1387.3116156464332,1386.9256317444322,1385.9350465548155,1388.0332002685218,1386.7725015131646,1386.827320313173,1387.7689463269282,1387.4996479443457,1387.6984308612814,1386.5002562567445,1386.7464112818227,1387.514805833553,1387.8080111820204,1388.2550678175537,1385.6846278880396,1385.2574663485138,1388.0786624687794,1387.430173446437,1387.368131390906,1387.6097435050244,1386.6789639393264,1387.8895542573844,1386.7390846454991,1387.6377183136578,1386.4155673530704,1387.204037952267,1387.7405023165545,1387.5042863020115,1386.9718297015638,1387.4347803721516,1387.9049682962568,1387.4840454192438,1387.1485618262261,1386.562978083391,1387.0331961363431,1386.3586951930567,1387.334033870374,1386.607134516408,1387.446371949697,1386.9153778688653,1386.1120596050778,1387.3358852032836,1386.7435659453536,1387.5192129157288,1386.3898109686997,1387.5010331480503,1386.731080905994,1386.6573420514783,1386.9933506099471,1386.9602779265174,1387.1414239624803,1387.7694939504534,1386.7049816839965,1386.1901051164416,1387.4058830940535,1386.6110769725756,1387.4072001489158,1386.8104782157532,1387.5831542969436,1387.8395750031202,1387.865847769551,1386.445339765185,1388.2417200334446,1385.9640056254243,1384.9509331381223,1387.3258678388167,1386.3382147364093,1385.7580813003153,1386.7580072443927,1387.7702940753745,1386.8551060895584,1386.968205625184,1387.372265540066,1388.1275148576015,1386.8358228968073,1385.8386726234858,1387.8699206031204,1386.9377422390862,1387.3544286889564,1386.7359378486817,1387.3684874095654,1386.2379989000872,1386.3582702223712,1387.2238049986877,1385.9411175978391,1388.2845488510895,1387.3551187250714,1387.8936574097027,1386.4874445808944,1387.7101129700304,1387.464824741305,1385.7071773944194,1386.9561687324199,1387.1994598961603,1386.6965716967902,1387.2153037291996,1386.3679160195024,1387.8749829357623,1387.5261442628332,1385.658033489408,1386.6641320010635,1387.7381668190526,1387.5488331566905,1387.2900836136696,1387.0209257253778,1385.8386379304302,1387.0927913443968,1386.5781549623564,1386.2843736003972,1387.244632043635,1386.9962379172705,1387.5593789650463,1386.8336834332595,1386.8999456915503,1387.5447890042067,1386.1584617655121,1385.9586478637168,1387.5306759303933,1387.3740403701645,1387.0257725575204,1386.435445326498,1386.9373939701882,1387.291314609329,1387.188484910947,1386.6871387464541,1387.3240671548529,1387.3909942699154,1388.3929683190563,1386.845612634552
0,15,1387.8854489669836,1386.7597439885315,1387.7815377050986,1387.4720891743887,1387.074998398076,1388.609978022994,1387.7567702543756,1387.3504291772472,1388.0765192115748,1386.7901344505058,1387.6567743606781,1386.8661971632537,1387.3687483542494,1386.8569113500125,1386.8667324483445,1387.3116156464332,1386.925631744432,1385.9350465548157,1388.033200268522,1386.7725015131643,1386.827320313173,1387.7689463269282,1387.4996479443453,1387.6984308612812,1386.5002562567445,1386.746411281823,1387.514805833553,1387.8080111820202,1388.2550678175537,1385.6846278880396,1385.2574663485136,1388.0786624687794,1387.430173446437,1387.3681313909058,1387.6097435050247,1386.6789639393264,1387.8895542573846,1386.7390846454991,1387.6377183136578,1386.4155673530704,1387.204037952267,1387.7405023165547,1387.5042863020115,1386.9718297015638,1387.4347803721519,1387.9049682962566,1387.4840454192436,1387.1485618262261,1386.5629780833913,1387.033196136343,1386.3586951930565,1387.3340338703738,1386.6071345164082,1387.4463719496973,1386.9153778688656,1386.1120596050778,1387.3358852032834,1386.7435659453536,1387.519212915729,1386.3898109687,1387.5010331480503,1386.7310809059938,1386.6573420514783,1386.9933506099471,1386.9602779265172,1387.1414239624803,1387.7694939504534,1386.7049816839967,1386.1901051164416,1387.4058830940533,1386.6110769725756,1387.4072001489158,1386.8104782157532,1387.5831542969433,1387.8395750031202,1387.8658477695508,1386.445339765185,1388.2417200334448,1385.964005625424,1384.950933138122,1387.3258678388167,1386.3382147364093,1385.7580813003156,1386.7580072443925,1387.7702940753747,1386.8551060895584,1386.968205625184,1387.372265540066,1388.127514857602,1386.8358228968073,1385.8386726234858,1387.8699206031204,1386.937742239086,1387.3544286889564,1386.735937848682,1387.3684874095657,1386.2379989000872,1386.3582702223712,1387.2238049986877,1385.941117597839,1388.2845488510893,1387.3551187250716,1387.8936574097027,1386.4874445808946,1387.7101129700304,1387.464824741305,1385.7071773944197,1386.95616873242,1387.1994598961603,1386.6965716967902,1387.2153037291998,1386.3679160195024,1387.874982935762,1387.5261442628328,1385.6580334894081,1386.6641320010638,1387.7381668190528,1387.54883315669,1387.2900836136696,1387.0209257253775,1385.83863793043,1387.0927913443968,1386.5781549623566,1386.2843736003967,1387.244632043635,1386.9962379172703,1387.5593789650463,1386.8336834332595,1386.8999456915506,1387.5447890042065,1386.1584617655121,1385.9586478637166,1387.5306759303933,1387.3740403701645,1387.0257725575202,1386.435445326498,1386.9373939701884,1387.2913146093292,1387.188484910947,1386.687138746454,1387.3240671548526,1387.3909942699152,1388.3929683190565,1386.845612634552
0,16,1387.049164968117,1387.2993752048649,1387.0336365323274,1386.963090070672,1385.991707875261,1388.7723313873785,1387.892569740947,1387.4438300474117,1387.4833451768036,1387.39201031748,1386.98213517394,1387.5391032143489,1387.7493175093105,1386.9827532915895,1386.9526055148556,1387.5083884550015,1388.1091754181225,1385.9687392666617,1387.064843487481,1386.283311435541,1387.0289499892742,1386.7462596991834,1387.6160911700015,1386.7853511609142,1386.7608750072966,1387.0414083717171,1387.8299626499952,1387.4598478662342,1388.6732934604838,1386.1753599332922,1386.0257161316365,1387.2115425869904,1386.758983946959,1386.9432275732408,1387.0319006026184,1387.0889681577191,1387.7295658698154,1386.8043337027948,1387.2297235770507,1386.604597416565,1387.3342704305885,1386.9168196070075,1386.5093793350202,1386.8627380031978,1387.1576662374155,1387.9072581467274,1386.947386366881,1387.4242385537018,1386.0054973554638,1387.0142717438168,1386.651407247669,1386.8961853507644,1386.2871984467358,1387.672155048469,1388.1392223173566,1386.871370131122,1387.2381890948466,1386.6150738606302,1386.9220381287494,1386.6237882876235,1387.7698931754346,1386.4747755365333,1386.582629515351,1386.8650662327598,1386.6723503691956,1387.0903315118765,1387.122148909886,1387.2320256562411,1385.8556431657576,1387.0779875134049,1386.6274922157957,1387.2668370668134,1387.8141648930045,1387.0812897199467,1388.3751597117919,1387.317799483239,1386.4550549160526,1388.037775120877,1387.277609629769,1385.8566347943688,1387.330697349546,1387.351023572165,1386.731123679919,1386.9023272137724,1387.1978935295679,1386.668630198012,1387.3025555921122,1386.4116700168443,1387.6982392607579,1386.666367026447,1386.454502544647,1387.4768141777272,1386.0173333426837,1386.9550486214212,1386.6074518176958,1387.3116480408478,1386.0908946837756,1386.7151166237852,1387.1980698244427,1387.0981263589993,1388.3007501070792,1387.8621646872252,1386.287340744463,1386.8751887506385,1387.1009893528935,1387.5408838117737,1386.1499004511359,1387.5207429922505,1387.402018171793,1386.9360475725898,1387.5587218657913,1387.2506781056866,1386.8292756788173,1387.2136569585953,1386.2595218629456,1386.6456007991367,1386.879632642222,1386.9470227673783,1387.8997559789218,1386.8145422301434,1385.7835059488496,1387.7399760068054,1386.9071423445098,1385.9517807413042,1387.4813454599089,1387.3139688131528,1387.4514143572628,1387.4755053753777,1386.7683933160345,1387.6783090887477,1386.2969096144648,1385.603711291153,1387.8968403416552,1387.5908040113288,1387.8986774220848,1387.5834230913795,1387.3246969287068,1388.4226471018355,1386.8038042113615,1386.8156951309227,1386.7998729813955,1387.2062032893934,1388.116789506152,1386.906648223021
0,17,1387.049164968117,1387.2993752048649,1387.0336365323276,1386.9630900706723,1385.991707875261,1388.7723313873787,1387.8925697409472,1387.4438300474117,1387.4833451768034,1387.39201031748,1386.9821351739397,1387.5391032143489,1387.7493175093107,1386.9827532915897,1386.9526055148556,1387.5083884550018,1388.1091754181227,1385.968739266662,1387.064843487481,1386.283311435541,1387.028949989274,1386.746259699183,1387.6160911700017,1386.7853511609142,1386.7608750072966,1387.0414083717171,1387.8299626499954,1387.4598478662342,1388.6732934604838,1386.1753599332922,1386.0257161316365,1387.2115425869906,1386.758983946959,1386.9432275732406,1387.0319006026182,1387.0889681577191,1387.7295658698154,1386.8043337027946,1387.2297235770504,1386.6045974165652,1387.3342704305885,1386.9168196070073,1386.5093793350204,1386.8627380031978,1387.1576662374152,1387.9072581467274,1386.947386366881,1387.424238553702,1386.0054973554636,1387.0142717438168,1386.6514072476693,1386.8961853507644,1386.2871984467358,1387.6721550484688,1388.1392223173564,1386.871370131122,1387.2381890948466,1386.6150738606304,1386.9220381287491,1386.6237882876235,1387.7698931754346,1386.4747755365333,1386.582629515351,1386.8650662327598,1386.672350369196,1387.0903315118762,1387.1221489098862,1387.2320256562411,1385.8556431657578,1387.0779875134053,1386.6274922157957,1387.2668370668137,1387.8141648930048,1387.0812897199464,1388.3751597117919,1387.3177994832388,1386.4550549160524,1388.0377751208773,1387.2776096297687,1385.8566347943688,1387.3306973495457,1387.351023572165,1386.7311236799192,1386.9023272137724,1387.1978935295676,1386.6686301980117,1387.3025555921122,1386.411670016844,1387.6982392607579,1386.6663670264472,1386.4545025446469,1387.4768141777274,1386.0173333426837,1386.9550486214214,1386.6074518176958,1387.3116480408478,1386.0908946837756,1386.7151166237852,1387.1980698244427,1387.0981263589995,1388.3007501070792,1387.8621646872252,1386.287340744463,1386.8751887506385,1387.1009893528935,1387.540883811774,1386.1499004511356,1387.5207429922505,1387.402018171793,1386.93604757259,1387.5587218657909,1387.2506781056866,1386.8292756788173,1387.2136569585953,1386.2595218629456,1386.6456007991367,1386.879632642222,1386.9470227673785,1387.8997559789218,1386.8145422301434,1385.7835059488496,1387.7399760068054,1386.9071423445098,1385.9517807413042,1387.4813454599087,1387.3139688131528,1387.451414357263,1387.4755053753775,1386.7683933160347,1387.6783090887477,1386.296909614465,1385.6037112911529,1387.8968403416552,1387.5908040113286,1387.8986774220848,1387.5834230913792,1387.324696928706,1388.4226471018353,1386.8038042113617,1386.8156951309227,1386.7998729813958,1387.206203289393,1388.1167895061517,1386.906648223021
0,18,1387.6302321760418,1387.8767933764716,1386.9309226160924,1386.8059382965284,1386.5346379890957,1387.38318404353,1388.6030506936445,1388.0670984987564,1386.9834964399172,1387.3567503868999,1386.7456697287587,1386.4177943591287,1388.1241770020495,1388.0959761232402,1386.9567328266542,1387.1408869769343,1386.8654516955878,1386.2216309581927,1387.213872417707,1386.685211227578,1387.2951465511471,1386.42920410351,1386.7721856758858,1387.1499576690437,1386.192039717084,1387.260936505301,1387.1516648098634,1386.927122985374,1387.7783080669421,1385.9874896654935,1386.8033040584546,1388.0533909337553,1386.6863805158705,1387.5866440991085,1387.0995599220364,1386.6443928285762,1386.4420023600082,1386.4123901910918,1387.5214265705267,1386.2229276936603,1386.9180013710907,1386.4652400348623,1386.8212561144428,1387.3392441803062,1386.9618039621225,1387.1620514847348,1386.3483059542327,1387.5534734578694,1386.921453084018,1387.5257948471915,1386.3681851422746,1386.5378304123062,1387.1724766503046,1387.5670082384815,1387.3129976826451,1387.032336195986,1386.6938393958976,1386.7391381539423,1387.2829418993615,1385.773569082464,1387.0416919187653,1386.8146417766034,1387.3015113112929,1386.480378544086,1387.8752253321363,1386.2024305933908,1387.6876373818181,1387.063781955622,1386.375066675192,1387.0267245863943,1387.125744405666,1387.6773053231263,1387.589487692732,1386.8203587585188,1387.2394390918882,1387.2427473023674,1387.0011783935345,1388.068189819226,1386.5507910138067,1386.145855337482,1387.6614890700776,1387.5337786568075,1387.5796685980374,1387.6817621904827,1386.571352846552,1386.4798842456473,1387.0930880716444,1386.8598299500911,1387.2462117248424,1387.2476338208328,1386.4308559211645,1387.0022895789755,1386.3605668861562,1386.9294194302527,1386.7240543799278,1388.1292660961105,1387.233372872385,1386.6495360616934,1386.670597511953,1386.540785212848,1387.2819080684396,1388.2143188650607,1387.3767835905203,1387.160672684108,1387.331260974609,1387.0352044740034,1386.5627264075326,1388.4215060206159,1387.7828350560922,1387.117587337864,1387.9060163629283,1386.59268468555,1387.488706608501,1387.316474482905,1386.0095683193522,1386.572677162069,1387.2033299480504,1386.959227714231,1386.6891358351186,1386.8479295466177,1387.2329859066551,1387.5813058894316,1386.959565552702,1386.3214015725002,1387.2894290890456,1387.5584143990195,1387.6641523572114,1386.6601225865288,1386.1846412304035,1386.735211450088,1386.3613758438923,1386.6829729122921,1387.7923211343596,1386.8187065080515,1387.676533668844,1387.139682631878,1387.6489103639233,1387.9502710820343,1386.6154625557415,1386.3836280266687,1387.800932296511,1387.752447127021,1388.1456556967441,1386.7990049313153
0,19,1387.6302321760418,1387.8767933764718,1386.9309226160924,1386.8059382965287,1386.5346379890955,1387.38318404353,1388.6030506936445,1388.0670984987564,1386.9834964399174,1387.3567503869,1386.745669728759,1386.4177943591285,1388.1241770020495,1388.09597612324,1386.956732826654,1387.1408869769343,1386.8654516955878,1386.2216309581925,1387.2138724177069,1386.685211227578,1387.2951465511474,1386.4292041035098,1386.7721856758856,1387.149957669044,1386.1920397170838,1387.260936505301,1387.1516648098634,1386.9271229853741,1387.7783080669424,1385.9874896654935,1386.8033040584548,1388.0533909337553,1386.6863805158705,1387.5866440991085,1387.0995599220366,1386.6443928285767,1386.4420023600082,1386.4123901910918,1387.5214265705267,1386.2229276936605,1386.9180013710907,1386.4652400348623,1386.8212561144428,1387.3392441803062,1386.9618039621225,1387.1620514847348,1386.3483059542325,1387.5534734578696,1386.921453084018,1387.5257948471913,1386.3681851422746,1386.5378304123062,1387.1724766503044,1387.5670082384818,1387.3129976826447,1387.032336195986,1386.6938393958978,1386.7391381539421,1387.2829418993615,1385.773569082464,1387.0416919187655,1386.8146417766034,1387.301511311293,1386.4803785440863,1387.8752253321363,1386.2024305933905,1387.6876373818181,1387.0637819556218,1386.375066675192,1387.0267245863945,1387.125744405666,1387.6773053231263,1387.5894876927318,1386.820358758519,1387.2394390918882,1387.2427473023677,1387.0011783935342,1388.068189819226,1386.5507910138067,1386.1458553374819,1387.6614890700776,1387.5337786568075,1387.5796685980376,1387.6817621904827,1386.571352846552,1386.479884245647,1387.0930880716444,1386.8598299500914,1387.2462117248422,1387.2476338208326,1386.4308559211645,1387.0022895789757,1386.3605668861564,1386.9294194302527,1386.724054379928,1388.1292660961108,1387.2333728723852,1386.6495360616937,1386.6705975119532,1386.5407852128476,1387.2819080684399,1388.2143188650605,1387.3767835905205,1387.1606726841078,1387.331260974609,1387.0352044740032,1386.5627264075326,1388.421506020616,1387.7828350560924,1387.117587337864,1387.9060163629285,1386.59268468555,1387.488706608501,1387.316474482905,1386.0095683193524,1386.5726771620689,1387.2033299480504,1386.959227714231,1386.6891358351183,1386.8479295466177,1387.2329859066551,1387.5813058894319,1386.959565552702,1386.3214015725002,1387.2894290890458,1387.5584143990197,1387.6641523572112,1386.660122586529,1386.1846412304033,1386.735211450088,1386.3613758438921,1386.6829729122926,1387.7923211343598,1386.8187065080515,1387.676533668844,1387.139682631878,1387.6489103639235,1387.9502710820343,1386.6154625557415,1386.3836280266687,1387.8009322965108,1387.7524471270215,1388.1456556967441,1386.7990049313153
0,20,1387.6595136759677,1387.2792731909342,1387.3760117279758,1385.7143674551755,1386.822246810461,1387.3310801162065,1387.8372684024157,1388.1344497215525,1386.969716388163,1387.367876127589,1387.5725697486441,1387.811775706528,1387.845911865256,1387.4050915335051,1387.4604907878108,1387.1603392760749,1387.431075826311,1386.4430535188305,1386.6847624072393,1386.7153255839594,1387.6502039755555,1386.667087239538,1387.703117669869,1386.7214806355964,1386.6018550226506,1387.5827683432706,1387.0400632058856,1386.8612541132213,1387.4243628945012,1386.7398427822225,1387.0521205934926,1387.3615683469504,1387.2494547962772,1387.4290315191756,1386.166366854036,1387.5390732658532,1386.5314635165932,1386.9208762328644,1386.600091693998,1386.3625192332413,1386.7874176088483,1386.8518967505856,1386.5277792132968,1387.1569076917954,1387.2464742769168,1386.5374818245984,1386.806759637916,1387.6978096601829,1386.710641833532,1386.760497885928,1386.0890115812524,1387.2516069718984,1387.0066318112472,1387.1713556362909,1387.7431423710664,1387.139062570505,1386.6792941743397,1387.3319012608545,1387.3775058327033,1385.996129907575,1387.8125766276821,1386.7948769752986,1386.398358693579,1386.665356537365,1387.194817938739,1386.9917865274092,1387.2028843893675,1387.483053997002,1386.3564507565156,1387.6735046395393,1386.1033483933993,1387.3058187898416,1387.313205173531,1387.258303458132,1387.8796690226175,1387.8532765283735,1386.9455583885015,1387.802011866481,1387.19227008701,1386.4823250824195,1387.630204473147,1387.8154233293956,1387.458876236372,1388.0767800912354,1386.3324824542835,1386.998981474273,1386.866527928772,1386.4163392457724,1386.4057312066802,1387.2036698859904,1386.9811102107371,1387.0529362446387,1387.0519611984391,1386.8819941945917,1387.1421149258463,1387.2875164849356,1386.846636561118,1385.9873564885768,1386.3369871316834,1387.264029775721,1387.8619275533501,1388.0117298635505,1386.8182675354092,1387.2291405873784,1387.5341408161476,1387.4730766986825,1385.9558075422858,1388.2088723199954,1387.3423850875106,1387.0470210836102,1387.7727899927415,1386.1933516617564,1387.2851788447151,1386.5174463009434,1386.122412579195,1387.3630442937497,1386.8977799290826,1386.600892109156,1386.6845034961098,1387.3921705903986,1386.8581189146107,1387.0015527565329,1387.114602819238,1386.6291421383023,1387.397128552367,1387.6033528786554,1387.30664989759,1386.4078684540489,1386.4865598762115,1386.7038740078356,1386.4882047419574,1386.463853830148,1387.222975452103,1386.762226115703,1387.3259429131424,1387.2482857945436,1387.5596814328367,1388.0844103392355,1386.6740854118505,1386.636090292872,1387.0833924310116,1387.726135170492,1387.8504821187425,1387.3444704497049
0,21,1387.6595136759677,1387.2792731909342,1387.3760117279755,1385.7143674551758,1386.822246810461,1387.3310801162063,1387.8372684024155,1388.1344497215525,1386.9697163881629,1387.367876127589,1387.5725697486441,1387.8117757065277,1387.8459118652563,1387.4050915335054,1387.460490787811,1387.1603392760749,1387.4310758263107,1386.4430535188305,1386.6847624072395,1386.7153255839594,1387.6502039755558,1386.667087239538,1387.703117669869,1386.7214806355967,1386.6018550226504,1387.5827683432706,1387.0400632058854,1386.861254113221,1387.424362894501,1386.7398427822222,1387.0521205934926,1387.3615683469502,1387.249454796277,1387.4290315191759,1386.166366854036,1387.5390732658532,1386.531463516593,1386.9208762328647,1386.6000916939977,1386.3625192332415,1386.7874176088483,1386.8518967505859,1386.5277792132968,1387.1569076917954,1387.2464742769168,1386.5374818245984,1386.8067596379162,1387.6978096601827,1386.710641833532,1386.760497885928,1386.0890115812522,1387.2516069718981,1387.0066318112472,1387.1713556362906,1387.7431423710664,1387.139062570505,1386.6792941743395,1387.3319012608547,1387.3775058327033,1385.9961299075753,1387.8125766276821,1386.7948769752986,1386.398358693579,1386.6653565373645,1387.194817938739,1386.9917865274094,1387.2028843893672,1387.4830539970021,1386.3564507565159,1387.673504639539,1386.1033483933993,1387.3058187898414,1387.3132051735313,1387.258303458132,1387.8796690226175,1387.8532765283735,1386.9455583885012,1387.8020118664813,1387.19227008701,1386.4823250824197,1387.6302044731472,1387.8154233293953,1387.458876236372,1388.0767800912354,1386.3324824542835,1386.998981474273,1386.866527928772,1386.4163392457724,1386.4057312066802,1387.2036698859908,1386.981110210737,1387.0529362446387,1387.051961198439,1386.8819941945915,1387.142114925846,1387.2875164849356,1386.846636561118,1385.987356488577,1386.3369871316834,1387.264029775721,1387.86192755335,1388.0117298635505,1386.8182675354092,1387.2291405873784,1387.5341408161476,1387.4730766986825,1385.955807542286,1388.2088723199952,1387.3423850875101,1387.0470210836102,1387.7727899927415,1386.1933516617562,1387.285178844715,1386.5174463009434,1386.122412579195,1387.36304429375,1386.8977799290824,1386.6008921091557,1386.6845034961098,1387.3921705903986,1386.8581189146107,1387.0015527565329,1387.1146028192381,1386.6291421383023,1387.397128552367,1387.6033528786552,1387.30664989759,1386.4078684540489,1386.4865598762115,1386.7038740078356,1386.4882047419576,1386.4638538301479,1387.2229754521027,1386.7622261157032,1387.3259429131424,1387.2482857945436,1387.559681432837,1388.0844103392355,1386.6740854118505,1386.6360902928725,1387.083392431012,1387.7261351704917,1387.8504821187425,1387.3444704497049
0,22,1387.658616405114,1386.6642734619993,1387.5585309436926,1386.8430629691295,1386.4509720701303,1387.554155986044,1387.6940653168901,1388.2691372000036,1387.216503446484,1387.0348841364805,1387.8754618618163,1387.3324149221858,1387.68114896108,1387.8031013772852,1387.4995408131153,1387.0211190427437,1387.394219016039,1386.3676987742767,1386.8301703580432,1386.6043076063422,1387.3985015021597,1386.8854203922783,1387.3998207325408,1387.3196908559783,1386.1095812196954,1386.3547543411792,1387.0484133456039,1387.0466977995638,1386.9861182024915,1386.4204862578945,1386.915140422297,1387.1473970188408,1387.145418668172,1387.973491722839,1386.621751539541,1387.3154896962424,1387.4358015100916,1386.419530250635,1386.7483102253175,1386.6407303290885,1386.796135934447,1387.0810379320835,1387.364369828698,1386.9726744659656,1387.0263698876417,1387.875233903012,1387.1781360414745,1388.16753519349,1386.3641304945984,1387.4084682460696,1386.0055279128064,1387.5607759229615,1386.8014250511133,1387.26886312564,1387.573078604521,1388.1215847894234,1387.5210915667521,1386.8057050028976,1387.3563799579283,1385.456592005082,1387.23600473652,1386.5406254975153,1386.3494113773784,1386.76275237954,1387.3686287651958,1387.4184157493505,1387.233966848907,1387.0560068104862,1387.0033108476061,1387.212768912561,1387.0155157599622,1387.4991086174632,1387.2401346020472,1386.6242963327215,1387.3592903151614,1387.8420247894765,1387.030488780624,1387.0840501171547,1387.288441104409,1386.507024916333,1388.2425508196463,1387.1613365806686,1386.6562927219334,1387.771917517992,1387.0293448341297,1386.393352288672,1386.430465798246,1386.223412098442,1386.3850375248737,1387.0797783947353,1387.26258332636,1387.1785621200297,1387.790604225161,1387.1235985461858,1387.6345434068917,1387.3288985959673,1387.583729851701,1386.178750516382,1386.7709012123375,1386.6126952897455,1387.9040333573596,1387.2631653319797,1386.5514180296761,1386.86139243671,1387.0534463059873,1387.7291826523247,1386.5687196645736,1386.979948648285,1387.1471592256848,1387.5599391838466,1387.1496763412506,1386.6276725987036,1387.0114399944352,1386.1369333058003,1386.951406409182,1387.3687798274545,1386.4331577699243,1387.270392969047,1386.9734032987508,1386.38410688182,1387.1527185606403,1387.2847442322056,1387.1025417510875,1386.6225736317706,1387.9323800007967,1387.0660539607406,1386.3487148355919,1386.4334840638005,1387.1360996189019,1386.6274460772015,1386.9000455126975,1386.7345221552605,1387.0899154268618,1386.6802166942434,1387.0941726920707,1386.7189160853377,1388.1436241089555,1388.0497687137067,1386.6201690655791,1386.0505299187737,1386.4294834527097,1387.7354402995045,1388.1913154480303,1387.1623293595105
0,23,1387.658616405114,1386.6642734619993,1387.5585309436926,1386.8430629691293,1386.45097207013,1387.554155986044,1387.6940653168904,1388.2691372000038,1387.216503446484,1387.034884136481,1387.8754618618161,1387.3324149221858,1387.6811489610798,1387.803101377285,1387.4995408131153,1387.0211190427437,1387.394219016039,1386.3676987742767,1386.830170358043,1386.6043076063422,1387.3985015021594,1386.8854203922783,1387.3998207325408,1387.3196908559783,1386.1095812196959,1386.3547543411794,1387.0484133456043,1387.046697799564,1386.9861182024918,1386.4204862578947,1386.915140422297,1387.1473970188408,1387.145418668172,1387.9734917228388,1386.621751539541,1387.3154896962426,1387.4358015100918,1386.4195302506348,1386.7483102253177,1386.640730329088,1386.796135934447,1387.081037932083,1387.3643698286978,1386.972674465966,1387.0263698876415,1387.8752339030123,1387.1781360414743,1388.1675351934903,1386.3641304945986,1387.40846824607,1386.0055279128062,1387.5607759229617,1386.8014250511135,1387.2688631256406,1387.5730786045212,1388.1215847894232,1387.5210915667521,1386.8057050028974,1387.3563799579283,1385.456592005082,1387.2360047365203,1386.540625497515,1386.3494113773784,1386.7627523795402,1387.3686287651956,1387.4184157493503,1387.233966848907,1387.056006810486,1387.003310847606,1387.2127689125612,1387.015515759962,1387.4991086174632,1387.2401346020472,1386.6242963327213,1387.3592903151616,1387.8420247894765,1387.030488780624,1387.0840501171547,1387.288441104409,1386.507024916333,1388.2425508196463,1387.1613365806686,1386.6562927219336,1387.7719175179923,1387.02934483413,1386.393352288672,1386.430465798246,1386.2234120984417,1386.3850375248735,1387.079778394735,1387.26258332636,1387.17856212003,1387.790604225161,1387.1235985461858,1387.6345434068915,1387.3288985959673,1387.583729851701,1386.1787505163816,1386.7709012123378,1386.6126952897455,1387.9040333573596,1387.2631653319797,1386.5514180296761,1386.8613924367103,1387.0534463059873,1387.7291826523247,1386.5687196645736,1386.9799486482852,1387.1471592256848,1387.5599391838464,1387.1496763412504,1386.6276725987038,1387.0114399944355,1386.1369333058003,1386.951406409182,1387.3687798274545,1386.4331577699243,1387.270392969047,1386.9734032987508,1386.38410688182,1387.1527185606403,1387.2847442322059,1387.1025417510875,1386.6225736317704,1387.9323800007965,1387.0660539607406,1386.3487148355919,1386.4334840638007,1387.1360996189017,1386.6274460772017,1386.9000455126975,1386.7345221552605,1387.0899154268618,1386.6802166942434,1387.094172692071,1386.7189160853377,1388.1436241089555,1388.0497687137067,1386.6201690655791,1386.0505299187735,1386.4294834527095,1387.7354402995045,1388.1913154480303,1387.1623293595103
0,24,1387.357597489718,1386.5091040457935,1387.1985064577607,1387.5829534936643,1386.1792200014131,1387.5226238061118,1387.3220976380032,1387.1258660278274,1387.8623575724373,1387.2021257436297,1387.4441707183694,1387.038298426036,1387.0221672639552,1387.5281565089824,1386.7489506463273,1386.6891934015334,1386.8004807051175,1386.3164529780076,1388.1034017519025,1386.7155785484308,1386.754286034068,1387.3662849217635,1387.5045633100833,1386.8738031479118,1385.7890314569354,1386.6367417915383,1387.2462135852531,1386.9669900875563,1387.2770816613252,1386.791058768176,1386.796120299377,1386.7560020760977,1387.9912872922407,1387.0844352686954,1386.7002707299098,1387.2696112846809,1387.7875234979758,1386.730872604206,1386.738638145031,1386.6236044228237,1387.3946809868567,1387.0505081475553,1387.5324173130175,1386.3542108063339,1386.5409609820467,1387.6767208708,1387.2109896971606,1387.7928923771053,1386.9212052168975,1387.6357966744386,1386.16142844701,1386.9293506852066,1386.644784876328,1387.781082597514,1388.0044807373831,1387.30240773882,1387.0104560759833,1386.6380835643547,1386.8816711806294,1386.8804094521154,1387.112790085809,1386.3825026374936,1386.6659057512854,1387.1707960858216,1387.1065774557578,1387.3017506809936,1387.7547495226688,1386.9846617478008,1387.3622190448855,1387.4188231739197,1387.0386130355719,1386.816480343763,1387.6640495151566,1387.2225331668153,1386.7141512437754,1387.7541776146738,1387.4863612137783,1387.022157644971,1387.7458413017605,1386.8975881355625,1387.4084241845671,1386.8094437110067,1386.1694366807724,1387.3946838401662,1386.7609226067907,1386.5988724232766,1386.5060300609737,1386.0955503738317,1386.7912878468887,1387.2660746815145,1387.8202303332143,1386.7748251710761,1388.0695163988069,1386.6665849298377,1386.6987032105142,1386.6903369082586,1386.8193860542533,1387.0566546716186,1386.5577904618533,1386.3731625149962,1387.728160097154,1387.5685958204087,1386.9005577196187,1388.061475640268,1387.7692857479385,1386.8863993146522,1387.1659968608628,1387.4595103129138,1386.8530336790184,1387.3681936286082,1386.8899098140605,1386.2149402475868,1386.6875058516455,1386.4824328472575,1387.1414203550892,1387.453602565763,1386.9419662390412,1387.0469618843606,1386.5806028511818,1386.679243281705,1387.443456293893,1387.949939270447,1386.7426964929502,1386.6197098888797,1387.5186318416158,1386.8552558632698,1387.1632109965813,1386.6490346720102,1386.6166649943536,1387.2094035048021,1386.9584915526566,1387.9153902542944,1387.175712701722,1387.475419654385,1387.2408554440435,1386.5648156353825,1387.7473516621337,1387.6385368893898,1387.1901186727493,1386.856347774568,1387.0995590216926,1387.2002522335079,1387.3010086864945,1386.8736821315727
0,25,1387.3575974897183,1386.5091040457935,1387.198506457761,1387.5829534936645,1386.1792200014131,1387.522623806112,1387.3220976380032,1387.1258660278274,1387.8623575724378,1387.2021257436295,1387.4441707183694,1387.0382984260361,1387.0221672639555,1387.5281565089824,1386.7489506463276,1386.6891934015337,1386.8004807051177,1386.3164529780079,1388.1034017519025,1386.7155785484308,1386.754286034068,1387.3662849217637,1387.504563310083,1386.8738031479118,1385.7890314569354,1386.636741791538,1387.2462135852531,1386.9669900875563,1387.2770816613252,1386.791058768176,1386.796120299377,1386.7560020760975,1387.991287292241,1387.0844352686952,1386.7002707299098,1387.2696112846809,1387.7875234979756,1386.730872604206,1386.7386381450308,1386.6236044228237,1387.3946809868569,1387.0505081475555,1387.5324173130175,1386.354210806334,1386.5409609820465,1387.6767208707997,1387.2109896971606,1387.792892377105,1386.9212052168975,1387.635796674438,1386.1614284470102,1386.9293506852066,1386.6447848763282,1387.781082597514,1388.0044807373831,1387.3024077388202,1387.0104560759835,1386.6380835643547,1386.8816711806292,1386.8804094521154,1387.1127900858087,1386.3825026374934,1386.6659057512854,1387.1707960858216,1387.106577455758,1387.3017506809936,1387.754749522669,1386.9846617478008,1387.3622190448855,1387.4188231739197,1387.0386130355716,1386.816480343763,1387.6640495151566,1387.2225331668153,1386.7141512437754,1387.7541776146736,1387.4863612137783,1387.0221576449712,1387.7458413017607,1386.8975881355623,1387.4084241845674,1386.8094437110067,1386.1694366807724,1387.394683840166,1386.7609226067907,1386.5988724232766,1386.5060300609737,1386.0955503738319,1386.791287846889,1387.2660746815145,1387.8202303332146,1386.7748251710761,1388.069516398807,1386.6665849298377,1386.6987032105142,1386.6903369082588,1386.8193860542535,1387.0566546716186,1386.5577904618533,1386.3731625149962,1387.728160097154,1387.568595820409,1386.9005577196183,1388.061475640268,1387.7692857479385,1386.886399314652,1387.1659968608626,1387.4595103129138,1386.8530336790184,1387.3681936286082,1386.8899098140607,1386.214940247587,1386.6875058516453,1386.4824328472575,1387.1414203550894,1387.453602565763,1386.9419662390412,1387.0469618843606,1386.5806028511818,1386.6792432817049,1387.4434562938927,1387.9499392704472,1386.74269649295,1386.6197098888795,1387.5186318416158,1386.85525586327,1387.1632109965815,1386.6490346720102,1386.6166649943536,1387.209403504802,1386.9584915526566,1387.9153902542944,1387.1757127017222,1387.475419654385,1387.2408554440435,1386.5648156353823,1387.7473516621335,1387.6385368893896,1387.1901186727493,1386.856347774568,1387.0995590216926,1387.200252233508,1387.3010086864945,1386.8736821315727
0,26,1387.227813822173,1386.6822289756378,1387.271168425121,1387.2899857720813,1386.4857538110564,1387.6401023080286,1387.2886705110704,1387.0152597131867,1388.0714325087704,1387.5099484442965,1387.1901781153565,1387.5789056266146,1387.5154547221869,1387.3038070613786,1387.1691015786873,1386.979294875326,1386.6025351552632,1386.658913267593,1387.727822779433,1386.7630009094569,1387.229676215452,1387.0128241171726,1387.5886039045743,1386.7574346956146,1386.1644248949142,1386.8216103712557,1386.9013179157116,1387.1823826077787,1387.6385710551504,1386.7491131103548,1386.8966202185136,1386.9053387641154,1387.541888483587,1386.8574623721795,1386.5252415084574,1387.3534528728264,1387.8201947287673,1386.8268348309216,1386.7446421203636,1386.778266762728,1387.1429801582422,1387.1034362566315,1388.1308843786564,1386.4521422441182,1386.9704931113185,1387.0787325207943,1386.9773055309156,1387.826468755786,1386.9884174884307,1387.3079736148413,1386.7617337537185,1386.686506229838,1387.0012815552097,1386.9123895863895,1387.372499351037,1387.1606493622678,1386.730065508766,1386.6043599692043,1386.9307373933173,1387.1170558271897,1387.447183479062,1386.0367888781805,1386.6243334385285,1386.9363577739298,1387.026156136454,1387.7309416143,1388.3664322415618,1386.9009896982657,1387.4173083894843,1387.364221562969,1387.310827220368,1386.9288319198502,1387.238821176446,1387.225906523338,1386.7681232901293,1387.8443053615651,1387.5575065095356,1387.2672312255982,1387.8637040809708,1386.9582591226667,1387.4529962855238,1386.917230178391,1386.583546756763,1387.0239319426148,1386.981082963682,1386.8547181935005,1386.8173866243917,1386.06756292856,1386.9979067436007,1387.611973772182,1387.6946818964286,1386.4121033569913,1388.0982435869123,1386.431456237652,1386.837540241259,1386.9723592064377,1386.822318371382,1386.8671280645954,1386.242107455153,1386.5312966078952,1387.722189981926,1387.8377645379157,1387.0343171196957,1387.04680186491,1387.4850886814977,1386.8134631825444,1386.819207994888,1387.5259486172238,1386.9676969960508,1387.3616269995343,1385.9213816678312,1386.5425436202395,1386.5621130286847,1386.4691274357256,1386.7229553339625,1387.1222193184587,1386.8085784307557,1387.1296738176964,1386.5268041690938,1386.6630589737058,1387.493623849783,1387.5643918311432,1386.758544692776,1386.805818414384,1387.2413899349194,1387.0038987390599,1386.6414374063488,1387.0046842641002,1386.6589011003045,1387.3891474503807,1387.1250334495728,1387.9206675563016,1387.4965344197021,1387.520243923934,1387.4155233570912,1386.3695636561047,1387.7512191627743,1387.3430632191619,1386.5857007143813,1386.6858661044473,1386.442497530321,1388.1016548009836,1387.536942741085,1386.6401457188902
0,27,1387.227813822173,1386.6822289756378,1387.271168425121,1387.2899857720815,1386.4857538110566,1387.6401023080284,1387.2886705110704,1387.0152597131867,1388.0714325087702,1387.5099484442965,1387.1901781153567,1387.5789056266149,1387.515454722187,1387.3038070613786,1387.1691015786876,1386.979294875326,1386.6025351552632,1386.658913267593,1387.727822779433,1386.7630009094569,1387.229676215452,1387.0128241171726,1387.5886039045745,1386.7574346956148,1386.164424894914,1386.821610371256,1386.9013179157116,1387.1823826077784,1387.6385710551506,1386.7491131103548,1386.8966202185136,1386.9053387641152,1387.541888483587,1386.8574623721797,1386.5252415084576,1387.3534528728264,1387.8201947287673,1386.8268348309216,1386.7446421203636,1386.7782667627278,1387.1429801582422,1387.1034362566318,1388.1308843786567,1386.4521422441187,1386.9704931113188,1387.0787325207943,1386.9773055309154,1387.8264687557862,1386.9884174884307,1387.3079736148416,1386.7617337537183,1386.686506229838,1387.0012815552095,1386.9123895863895,1387.372499351037,1387.1606493622678,1386.730065508766,1386.6043599692043,1386.9307373933175,1387.1170558271897,1387.4471834790618,1386.0367888781805,1386.6243334385285,1386.93635777393,1387.026156136454,1387.7309416143003,1388.3664322415618,1386.9009896982657,1387.4173083894843,1387.364221562969,1387.3108272203679,1386.9288319198502,1387.238821176446,1387.225906523338,1386.7681232901293,1387.8443053615651,1387.5575065095354,1387.2672312255982,1387.8637040809708,1386.9582591226667,1387.4529962855238,1386.917230178391,1386.583546756763,1387.023931942615,1386.9810829636817,1386.8547181935003,1386.8173866243917,1386.06756292856,1386.9979067436004,1387.6119737721822,1387.6946818964286,1386.4121033569916,1388.0982435869125,1386.4314562376521,1386.8375402412591,1386.9723592064374,1386.822318371382,1386.8671280645951,1386.242107455153,1386.5312966078952,1387.7221899819262,1387.8377645379155,1387.034317119696,1387.04680186491,1387.4850886814975,1386.8134631825446,1386.8192079948883,1387.5259486172238,1386.9676969960506,1387.3616269995343,1385.9213816678312,1386.5425436202395,1386.5621130286845,1386.4691274357256,1386.7229553339623,1387.1222193184585,1386.8085784307557,1387.1296738176961,1386.5268041690938,1386.6630589737058,1387.4936238497833,1387.564391831143,1386.7585446927758,1386.8058184143842,1387.2413899349194,1387.00389873906,1386.6414374063486,1387.0046842641004,1386.6589011003043,1387.3891474503807,1387.1250334495733,1387.9206675563014,1387.496534419702,1387.5202439239342,1387.4155233570912,1386.369563656105,1387.7512191627743,1387.3430632191616,1386.5857007143807,1386.6858661044475,1386.442497530321,1388.1016548009834,1387.536942741085,1386.64014571889
0,28,1386.953457011947,1386.688947013371,1387.525261915405,1387.0982467410167,1386.5318056116184,1387.6564607249215,1387.6903726776045,1387.3822721621927,1387.7262839680698,1387.3174696374408,1387.5288189965404,1387.5172299191815,1387.2665050786466,1387.4860000322021,1387.281437849775,1387.135732289726,1386.928730825023,1386.4304561638182,1387.188024426573,1386.2521414669714,1386.760106551004,1386.3273777210577,1387.8352776127144,1386.833521900225,1386.5054029597964,1386.655133692581,1387.296839108913,1386.8606519880632,1387.442764109838,1387.0920037601506,1386.2026252834828,1386.9210449696357,1387.5489540334183,1386.9936693422085,1386.899219360239,1387.3455273805168,1386.7349917002994,1386.8069758885747,1387.0821203419127,1386.8719870399843,1387.300118496455,1386.7927221175376,1387.5109769034614,1386.4432477882042,1386.4687378282208,1387.2150425737298,1387.1206150424073,1388.01614008853,1386.453980228731,1387.4323210441983,1386.315535209884,1387.0280033518404,1387.2665865386696,1387.4668139122455,1387.5947345130114,1387.154544584963,1386.9919246686911,1386.468641480012,1386.796186579842,1386.8388787766357,1387.345810741946,1386.5942685167754,1386.6271301098407,1387.29202276927,1386.9920006015502,1387.6530703140497,1387.9176119016909,1387.3802506542488,1387.1948061957087,1387.2096072237794,1387.3933903800773,1386.998927430212,1386.8265241683678,1387.1571900766185,1386.9537600950644,1387.6578272345864,1386.850655097966,1387.2721134026178,1387.96748754913,1386.634028503362,1387.5191287357245,1386.6696200911858,1386.7143398882527,1387.0548975926113,1386.8729906304784,1387.0262060691368,1386.820877115081,1385.9669014693388,1387.0346309630813,1387.3484809896465,1387.5872623950743,1386.7081704670532,1387.8018058521027,1386.9296632400674,1387.1551726425387,1387.201463948406,1386.847885962585,1386.3947403016155,1386.1494325903288,1386.9306149774325,1387.7685942683167,1388.3174377618648,1387.3616814745299,1387.4381548942308,1387.610493044246,1386.6010030398454,1386.597285620839,1387.159183951016,1387.600803054446,1387.396990894497,1386.3787098954272,1386.6176349079403,1387.2341969361871,1386.3750255676496,1386.9918054715783,1387.4380272136302,1387.3061416398698,1387.1649721821889,1386.9425687096993,1387.2028601437278,1387.2004492042342,1387.269065423892,1386.8656543109128,1386.9244096319928,1387.2302158906002,1386.9626346665787,1386.3938127977763,1387.073912995332,1386.6583721483569,1387.2684211589633,1386.830973149178,1387.8704604306024,1387.140615672208,1387.2644552273623,1387.242937899037,1386.8185477439886,1387.4341185360724,1387.0575363274697,1386.5932603828578,1386.6264371033449,1386.4553835563627,1387.790344029112,1387.6916422040485,1387.0366483626945
0,29,1386.9534570119467,1386.6889470133713,1387.525261915405,1387.0982467410165,1386.5318056116184,1387.6564607249215,1387.6903726776045,1387.3822721621927,1387.7262839680695,1387.317469637441,1387.5288189965404,1387.5172299191815,1387.2665050786466,1387.4860000322024,1387.2814378497749,1387.135732289726,1386.928730825023,1386.430456163818,1387.188024426573,1386.2521414669714,1386.7601065510041,1386.327377721058,1387.8352776127142,1386.833521900225,1386.5054029597964,1386.6551336925809,1387.2968391089128,1386.860651988063,1387.4427641098378,1387.0920037601506,1386.2026252834828,1386.9210449696357,1387.5489540334186,1386.9936693422082,1386.899219360239,1387.345527380517,1386.7349917002994,1386.8069758885747,1387.0821203419127,1386.8719870399843,1387.300118496455,1386.7927221175373,1387.5109769034611,1386.443247788204,1386.4687378282206,1387.2150425737298,1387.1206150424073,1388.01614008853,1386.4539802287309,1387.4323210441983,1386.315535209884,1387.0280033518404,1387.2665865386693,1387.4668139122455,1387.5947345130114,1387.154544584963,1386.991924668691,1386.4686414800121,1386.796186579842,1386.838878776636,1387.3458107419463,1386.5942685167754,1386.6271301098404,1387.29202276927,1386.9920006015502,1387.6530703140497,1387.9176119016909,1387.380250654249,1387.1948061957087,1387.2096072237794,1387.3933903800773,1386.998927430212,1386.8265241683678,1387.1571900766187,1386.9537600950644,1387.6578272345864,1386.8506550979662,1387.2721134026176,1387.96748754913,1386.6340285033623,1387.5191287357243,1386.6696200911856,1386.7143398882527,1387.0548975926113,1386.8729906304786,1387.026206069137,1386.820877115081,1385.966901469339,1387.0346309630816,1387.348480989646,1387.5872623950743,1386.7081704670532,1387.8018058521025,1386.9296632400674,1387.1551726425384,1387.201463948406,1386.847885962585,1386.3947403016157,1386.1494325903286,1386.9306149774325,1387.7685942683165,1388.317437761865,1387.3616814745299,1387.4381548942308,1387.610493044246,1386.6010030398454,1386.597285620839,1387.1591839510163,1387.6008030544458,1387.3969908944973,1386.3787098954272,1386.6176349079403,1387.2341969361871,1386.3750255676493,1386.9918054715783,1387.4380272136304,1387.3061416398698,1387.1649721821886,1386.9425687096996,1387.2028601437275,1387.200449204234,1387.269065423892,1386.8656543109128,1386.9244096319928,1387.2302158906,1386.9626346665787,1386.3938127977763,1387.073912995332,1386.6583721483569,1387.268421158963,1386.8309731491775,1387.8704604306026,1387.1406156722082,1387.264455227362,1387.242937899037,1386.8185477439886,1387.4341185360727,1387.05753632747,1386.593260382858,1386.626437103345,1386.4553835563624,1387.790344029112,1387.6916422040483,1387.0366483626947
